<?xml version="1.0" encoding="UTF-8"?>
<!-- Generated by eXe - http://exelearning.net -->
<manifest identifier="eXeprendizaje5c40b78024484cf63a1" 
xmlns:xsi="http://www.w3.org/2001/XMLSchema-instance" 
xmlns:adlcp="http://www.adlnet.org/xsd/adlcp_v1p3" 
xmlns:adlseq="http://www.adlnet.org/xsd/adlseq_v1p3" 
xmlns:adlnav="http://www.adlnet.org/xsd/adlnav_v1p3" 
xmlns:imsss="http://www.imsglobal.org/xsd/imsss" 
xmlns:lom="http://ltsc.ieee.org/xsd/LOM" 
xmlns:lomes="http://ltsc.ieee.org/xsd/LOM" 
xmlns="http://www.imsglobal.org/xsd/imscp_v1p1" 
xsi:schemaLocation="http://www.imsglobal.org/xsd/imscp_v1p1 imscp_v1p1.xsd http://ltsc.ieee.org/xsd/LOM lomCustom.xsd http://www.adlnet.org/xsd/adlcp_v1p3 adlcp_v1p3.xsd  http://www.imsglobal.org/xsd/imsss imsss_v1p0.xsd  http://www.adlnet.org/xsd/adlseq_v1p3 adlseq_v1p3.xsd http://www.adlnet.org/xsd/adlnav_v1p3 adlnav_v1p3.xsd"> 
<metadata> 
 <schema>ADL SCORM</schema> 
 <schemaversion>2004 3rd Edition</schemaversion> 
 <adlcp:location>imslrm.xml</adlcp:location> 
</metadata> 
<organizations default="eXeprendizaje5c40b78024484cf63a2">  
    <organization identifier="eXeprendizaje5c40b78024484cf63a2" structure="hierarchical">
        <title>Objeto de Aprendzaje</title>
<item identifier="ITEM-eXeprendizaje5c40b78024484cf63a3" isvisible="true">
    <title>Descripción</title>
<item identifier="ITEM-eXeprendizaje5c40b78024484cf63a4" isvisible="true" identifierref="RES-eXeprendizaje5c40b78024484cf63a5">
    <title>&lt;-</title>
</item>
<item identifier="ITEM-eXeprendizaje5c40b78024484cf63a6" isvisible="true" identifierref="RES-eXeprendizaje5c40b78024484cf63a7">
    <title>Objetivos</title>
</item>
<item identifier="ITEM-eXeprendizaje5c40b78024484cf63b8" isvisible="true">
    <title>Contenidos</title>
<item identifier="ITEM-eXeprendizaje5c40b78024484cf63b9" isvisible="true" identifierref="RES-eXeprendizaje5c40b78024484cf63ba">
    <title>&lt;-</title>
</item>
<item identifier="ITEM-eXeprendizaje5c40b78024484cf63bb" isvisible="true">
    <title>	Actividades de Aprendizaje</title>
<item identifier="ITEM-eXeprendizaje5c40b78024484cf63bc" isvisible="true" identifierref="RES-eXeprendizaje5c40b78024484cf63bd">
    <title>&lt;-</title>
</item>
<item identifier="ITEM-eXeprendizaje5c40b78024484cf63ce" isvisible="true">
    <title>Actividades de Evaluación N°1</title>
<item identifier="ITEM-eXeprendizaje5c40b78024484cf63cf" isvisible="true" identifierref="RES-eXeprendizaje5c40b78024484cf63c10">
    <title>&lt;-</title>
</item>
<item identifier="ITEM-eXeprendizaje5c40b78024484cf63f11" isvisible="true" identifierref="RES-eXeprendizaje5c40b78024484cf63f12">
    <title>Actividad de Aprendizaje N°2</title>
</item>
  <imsss:sequencing>
    <imsss:controlMode choice="true" choiceExit="true" flow="true" forwardOnly="false"/>
  </imsss:sequencing></item>
  <imsss:sequencing>
    <imsss:controlMode choice="true" choiceExit="true" flow="true" forwardOnly="false"/>
  </imsss:sequencing></item>
  <imsss:sequencing>
    <imsss:controlMode choice="true" choiceExit="true" flow="true" forwardOnly="false"/>
  </imsss:sequencing></item>
<item identifier="ITEM-eXeprendizaje5c40b78024484cf63f13" isvisible="true" identifierref="RES-eXeprendizaje5c40b78024484cf63f14">
    <title>Lectura obligatoria y vídeo comprensivo</title>
</item>
  <imsss:sequencing>
    <imsss:controlMode choice="true" choiceExit="true" flow="true" forwardOnly="false"/>
  </imsss:sequencing></item>
  <imsss:sequencing>
    <imsss:controlMode choice="true" choiceExit="true" flow="true" forwardOnly="false"/>
  </imsss:sequencing>  </organization>
</organizations>
<resources>
  <resource identifier="RES-eXeprendizaje5c40b78024484cf63a5" type="webcontent" adlcp:scormType="sco" href="index.html"> 
    <file href="index.html"/> 
    <file href="exe_html5.js"/>
    <file href="Imagen_para_mapa_conceptual.jpg"/>
    <dependency identifierref="COMMON_FILES"/>
  </resource>
  <resource identifier="RES-eXeprendizaje5c40b78024484cf63a7" type="webcontent" adlcp:scormType="sco" href="objetivos.html"> 
    <file href="objetivos.html"/> 
    <file href="exe_html5.js"/>
    <file href="common.js"/>
    <dependency identifierref="COMMON_FILES"/>
  </resource>
  <resource identifier="RES-eXeprendizaje5c40b78024484cf63ba" type="webcontent" adlcp:scormType="sco" href="contenidos.html"> 
    <file href="contenidos.html"/> 
    <file href="exe_html5.js"/>
    <dependency identifierref="COMMON_FILES"/>
  </resource>
  <resource identifier="RES-eXeprendizaje5c40b78024484cf63bd" type="webcontent" adlcp:scormType="sco" href="actividades_de_aprendizaje.html"> 
    <file href="actividades_de_aprendizaje.html"/> 
    <file href="exe_html5.js"/>
    <file href="common.js"/>
    <dependency identifierref="COMMON_FILES"/>
  </resource>
  <resource identifier="RES-eXeprendizaje5c40b78024484cf63c10" type="webcontent" adlcp:scormType="sco" href="actividades_de_evaluacin_n1.html"> 
    <file href="actividades_de_evaluacin_n1.html"/> 
    <file href="exe_html5.js"/>
    <file href="common.js"/>
    <dependency identifierref="COMMON_FILES"/>
  </resource>
  <resource identifier="RES-eXeprendizaje5c40b78024484cf63f12" type="webcontent" adlcp:scormType="sco" href="actividad_de_aprendizaje_n2.html"> 
    <file href="actividad_de_aprendizaje_n2.html"/> 
    <file href="exe_html5.js"/>
    <dependency identifierref="COMMON_FILES"/>
  </resource>
  <resource identifier="RES-eXeprendizaje5c40b78024484cf63f14" type="webcontent" adlcp:scormType="sco" href="lectura_obligatoria_y_vdeo_comprensivo.html"> 
    <file href="lectura_obligatoria_y_vdeo_comprensivo.html"/> 
    <file href="exe_html5.js"/>
    <dependency identifierref="COMMON_FILES"/>
  </resource>
  <resource identifier="COMMON_FILES" type="webcontent" adlcp:scormType="asset">
    <file href="config.xml"/>
    <file href="content.css"/>
    <file href="icon_activity.gif"/>
    <file href="icon_assess.gif"/>
    <file href="icon_assignment.gif"/>
    <file href="icon_attention.gif"/>
    <file href="icon_calc.gif"/>
    <file href="icon_casestudy.gif"/>
    <file href="icon_define.gif"/>
    <file href="icon_diagnosis.gif"/>
    <file href="icon_discussion.gif"/>
    <file href="icon_experiment.gif"/>
    <file href="icon_e_gloss.gif"/>
    <file href="icon_e_journal.gif"/>
    <file href="icon_gallery.gif"/>
    <file href="icon_generic.gif"/>
    <file href="icon_inter.gif"/>
    <file href="icon_key_points.gif"/>
    <file href="icon_multimedia.gif"/>
    <file href="icon_objectives.gif"/>
    <file href="icon_preknowledge.gif"/>
    <file href="icon_present.gif"/>
    <file href="icon_question.gif"/>
    <file href="icon_reading.gif"/>
    <file href="icon_reflection.gif"/>
    <file href="icon_review.gif"/>
    <file href="icon_summary.gif"/>
    <file href="icon_synthesis.gif"/>
    <file href="icon_technology.gif"/>
    <file href="icon_time.gif"/>
    <file href="icon_web_resource.gif"/>
    <file href="my_header.jpg"/>
    <file href="my_header_fullscreen.jpg"/>
    <file href="my_hide_show.png"/>
    <file href="my_ims_header.jpg"/>
    <file href="my_js.js"/>
    <file href="my_list.gif"/>
    <file href="my_logo.jpg"/>
    <file href="my_nav_arrow.gif"/>
    <file href="nav.css"/>
    <file href="base.css"/>
    <file href="popup_bg.gif"/>
    <file href="SCORM_API_wrapper.js"/>
    <file href="SCOFunctions.js"/>
    <file href="common.js"/>
    <file href="common_i18n.js"/>
    <file href="exe_jquery.js"/>
  </resource>
</resources>
</manifest>
